year,month,value
1881,08,-1.34
1882,06,-1.67
1882,07,-1.7
1882,09,-1.67
1882,10,-1.75
1882,12,-1.43
1883,01,-1.88
1883,03,-0.92
1883,04,-0.56
1883,06,-2.11
1883,07,-2
1883,09,-1.53
1883,10,-2.02
1883,11,-1.14
1884,04,-1.65
1884,05,-1.44
1884,06,-1.19
1884,07,-1.89
1884,09,-1.36
1884,10,-1.41
1884,11,-1.29
1884,12,-1.23
1885,01,-1.45
1885,02,-1.22
1885,03,-0.9
1885,04,-0.48
1885,09,0.87
1885,10,0.79
1885,12,-0.44
1886,01,-0.49
1886,03,-0.66
1886,04,-0.14
1886,06,-0.81
1886,07,-1.01
1886,08,-0.95
1886,09,-0.59
1886,10,-0.78
1886,11,-0.66
1886,12,-0.74
1887,01,-0.66
1887,02,-0.97
1887,03,-0.85
1887,04,-0.97
1887,06,-1.54
1887,08,-3.16
1887,09,-2.17
1887,11,-0.92
1887,12,-0.91
1888,01,-0.79
1888,02,-0.67
1888,03,-1.05
1888,04,-0.88
1888,05,-0.66
1888,06,-1.29
1888,09,-1.07
1888,10,-1.3
1888,11,-1.34
1888,12,-0.76
1889,01,-0.59
1889,02,-0.89
1889,03,-1.24
1889,05,0.24
1889,06,0.29
1889,07,0.71
1889,08,0.12
1889,09,-0.73
1889,10,-0.16
1889,11,-0.12
1889,12,-0.75
1890,01,-0.35
1890,03,-1.02
1890,04,-0.69
1890,05,-0.42
1890,06,-0.84
1890,08,-1.35
1890,09,-1.12
1890,10,-1.23
1890,11,-1.54
1890,12,-1.43
1891,01,-0.95
1891,02,-0.73
1891,03,-0.78
1891,04,-0.51
1891,05,-1.32
1891,06,-1.56
1891,08,-2.26
1891,09,-1.94
1891,11,-1.83
1891,12,-0.56
1892,01,-0.11
1892,02,-0.22
1892,03,-0.79
1892,04,-2.51
1892,05,-2.77
1892,06,-2.17
1892,07,-1.84
1892,08,-1.59
1892,09,-1.27
1892,10,-1.3
1892,11,-0.24
1892,12,0.19
1893,01,0.13
1893,02,-1.02
1893,03,-1.11
1893,04,-1.3
1893,05,-0.7
1893,06,-0.54
1893,08,-0.64
1893,09,-0.55
1893,10,-1.34
1893,11,-1.11
1893,12,-0.47
1894,01,-1.09
1894,02,-0.7
1894,03,-1.19
1894,04,-0.97
1894,05,-1.21
1894,06,-0.94
1894,07,-1.06
1894,08,-1.85
1894,09,-1.51
1894,10,-1.49
1894,11,-1.08
1894,12,-1.29
1895,01,-1.66
1895,02,-2.06
1895,03,-1.08
1895,04,-1.16
1895,05,-1.84
1895,06,-1.89
1895,07,-2.03
1895,08,-1.74
1895,09,-1.46
1895,11,-1.59
1895,12,-1.34
1896,01,-1.4
1896,02,-0.65
1896,03,-0.42
1896,04,-0.38
1896,05,-1.27
1896,06,-1.81
1896,07,-1.66
1896,09,-1.52
1896,10,-1.15
1896,11,-1.46
1896,12,-1.53
1897,01,-1.08
1897,02,-0.39
1897,03,-0.79
1897,04,-0.92
1897,05,-1.55
1897,06,-1.49
1897,07,-1.62
1897,08,-1.46
1897,10,-1.74
1897,11,-2.18
1897,12,-1.61
1898,02,-1.18
1898,03,-1.11
1898,04,-0.96
1898,05,-0.6
1898,06,-0.64
1898,07,-0.97
1898,09,-1.25
1898,10,-1.05
1898,11,-1.06
1899,01,-1.44
1899,02,-1.04
1899,03,-1.02
1899,04,-1.59
1899,05,-1.76
1899,06,-1.06
1899,07,-0.24
1899,08,-0.18
1899,10,-1.41
1899,12,-1.3
1900,01,-1.14
1900,04,-1.26
1900,05,-1.82
1900,06,-2.39
1900,11,-1.17
1900,12,-1.53
1901,02,-0.64
1901,03,-0.99
1901,04,-1.93
1901,05,-1.64
1901,06,-2.11
1901,07,-1.09
1901,08,-0.95
1901,09,-0.42
1901,10,-0.35
1901,11,-0.81
1901,12,-1.27
1902,01,-1.29
1902,02,-1.01
1902,03,-0.71
1902,04,-0.47
1902,05,-1.08
1902,06,-1.58
1902,07,-2.62
1902,08,-1.79
1902,09,-1.42
1902,10,-2.49
1902,11,-2.39
1902,12,-2.39
1903,01,-1.73
1903,02,-1.48
1903,03,-1.79
1903,04,-1.75
1903,05,-1.8
1903,06,-1.3
1903,07,-1.68
1903,08,-2.1
1903,09,-1.71
1903,10,-1.04
1903,11,-1.52
1903,12,-1.73
1904,01,-2.61
1904,02,-2.32
1904,03,-2.53
1904,04,-2.35
1904,05,-2.76
1904,06,-2.41
1904,07,-2.42
1904,08,-2.19
1904,09,-1.89
1904,10,-1.98
1904,11,-1.65
1904,12,-1.48
1905,01,-2
1905,02,-1.89
1905,03,-1.96
1905,04,-1.7
1905,05,-1.78
1905,06,-1.85
1905,07,-2.64
1905,08,-2.84
1905,09,-2.61
1905,10,-1.89
1905,11,-1.98
1905,12,-2.05
1906,01,-2.05
1906,02,-1.81
1906,03,-0.97
1906,04,-1.62
1906,05,-1.98
1906,06,-2.35
1906,07,-2.16
1906,08,-2.14
1906,09,-1.9
1906,10,-2.07
1906,11,-1.52
1906,12,-1.38
1907,01,-1.29
1907,02,-1.16
1907,03,-1.01
1907,04,-0.96
1907,05,-1.62
1907,06,-1.78
1907,07,-1.78
1907,08,-1.68
1907,09,-1.63
1907,10,-1.62
1907,11,-1.12
1907,12,-1.16
1908,01,-1.34
1908,02,-1.57
1908,03,-1.47
1908,04,-1.07
1908,05,-1.32
1908,06,-1.75
1908,07,-2
1908,08,-1.51
1908,09,-1.25
1908,10,-1.25
1908,11,-1.25
1908,12,-1.46
1909,01,-1.81
1909,02,-1.63
1909,03,-1.25
1909,04,-1.36
1909,05,-0.97
1909,06,-1.3
1909,07,-1.13
1909,08,-1.24
1909,09,-0.9
1909,10,-1.01
1909,11,-0.73
1909,12,-1.32
1910,01,-1.26
1910,02,-0.64
1910,03,-1.06
1910,04,-0.9
1910,05,-0.72
1910,06,-0.54
1910,07,-0.95
1910,08,-1.02
1910,09,-0.91
1910,10,-1.37
1910,11,-0.93
1910,12,-1.03
1911,01,-1.59
1911,02,-1.15
1911,03,-1.79
1911,04,-1.75
1911,05,-2.04
1911,06,-1.77
1911,07,-1.92
1911,08,-2.02
1911,09,-1.68
1911,10,-1.81
1911,11,-1.34
1911,12,-1.46
1912,01,-1.12
1912,02,-0.82
1912,03,-0.82
1912,04,-0.79
1912,05,-0.99
1912,06,-1.31
1912,07,-1.72
1912,08,-2.06
1912,09,-2.07
1912,10,-1.13
1912,11,-0.96
1912,12,-1.14
1913,01,-0.67
1913,02,-0.98
1913,03,-1.02
1913,04,-1.36
1913,05,-0.95
1913,06,-0.76
1913,07,-0.76
1913,08,-0.84
1913,09,-0.91
1913,10,-0.92
1913,11,-0.91
1913,12,-0.97
1914,01,-0.97
1914,02,-1.06
1914,03,-1.09
1914,04,-0.71
1914,05,-1.33
1914,06,-1.46
1914,07,-1.84
1914,08,-2.36
1914,09,-2.33
1914,10,-0.83
1914,11,-0.65
1914,12,-0.62
1915,01,-1.56
1915,02,-1.11
1915,03,-0.33
1915,04,0.06
1915,05,-0.08
1915,06,-0.32
1915,07,-0.59
1915,08,-1.4
1915,09,-0.89
1915,10,-0.7
1915,11,-0.84
1915,12,-0.64
1916,01,-0.55
1916,02,-0.46
1916,03,-0.71
1916,04,-0.75
1916,05,-1.15
1916,06,-1.34
1916,07,-0.48
1916,08,-0.76
1916,09,-0.43
1916,10,-0.22
1916,11,-0.34
1916,12,-0.48
1917,01,-1.1
1917,02,-1.29
1917,03,-1.02
1917,04,-0.63
1917,05,-0.78
1917,06,-0.16
1917,07,0.69
1917,08,0.74
1917,09,0.27
1917,10,-0.01
1917,11,-0.19
1917,12,-0.3
1918,01,-0.76
1918,02,-0.4
1918,03,-1.12
1918,04,-1.63
1918,05,-2.04
1918,06,-3.38
1918,07,-1.41
1918,08,-1.38
1918,09,-1.54
1918,10,-1.35
1918,11,-0.53
1918,12,-0.71
1919,01,-0.58
1919,02,-1.11
1919,03,-0.85
1919,04,-1.29
1919,05,-1.97
1919,06,-2.07
1919,07,-1.92
1919,08,-2.27
1919,09,-1.39
1919,10,-1.24
1919,11,-1.16
1919,12,-1.27
1920,01,-0.49
1920,02,-0.39
1920,03,-0.25
1920,04,-0.85
1920,05,-2.12
1920,06,-1.41
1920,07,-1.08
1920,08,-1.34
1920,09,-1.42
1920,10,-1.37
1920,11,-0.96
1920,12,-1.07
1921,01,-1.15
1921,02,-1.1
1921,03,-0.98
1921,04,-0.18
1921,05,-0.44
1921,06,-0.38
1921,07,-0.18
1921,08,-0.38
1921,09,-0.31
1921,10,-0.56
1921,11,-0.87
1921,12,-0.98
1922,01,-1.01
1922,02,-0.76
1922,03,-0.85
1922,04,-1.13
1922,05,-1.29
1922,06,-1.17
1922,07,-1.57
1922,08,-1.21
1922,09,-0.98
1922,10,-1.4
1922,11,-1.26
1922,12,-1.27
1923,01,-1.19
1923,02,-1.34
1923,03,-1.35
1923,04,-1.25
1923,05,-1.43
1923,06,-1.43
1923,07,-1.77
1923,08,-2.35
1923,09,-2.08
1923,10,-1.06
1923,11,-0.94
1923,12,-0.5
1924,01,-0.74
1924,02,-0.68
1924,03,-0.35
1924,04,-0.69
1924,05,-0.61
1924,06,-0.37
1924,07,-0.7
1924,08,-1.02
1924,09,-1.09
1924,10,-1.28
1924,11,-1.34
1924,12,-1.17
1925,01,-1.67
1925,02,-1.59
1925,03,-1.42
1925,04,-0.99
1925,05,-0.69
1925,06,-0.53
1925,07,-0.63
1925,08,-0.83
1925,09,-1.16
1925,10,-1.8
1925,11,-1.29
1925,12,-0.75
1926,01,-0.99
1926,02,-0.38
1926,03,-0.52
1926,04,-0.37
1926,05,-0.91
1926,06,-0.6
1926,07,-0.89
1926,08,-1.07
1926,09,-0.61
1926,10,-0.25
1926,11,-0.74
1926,12,-0.6
1927,01,-0.77
1927,02,-0.77
1927,03,-0.77
1927,04,-0.65
1927,05,-0.55
1927,06,-0.35
1927,07,-0.99
1927,08,-1.13
1927,09,-1
1927,10,-0.69
1927,11,-0.51
1927,12,-0.3
1928,01,-0.7
1928,02,-0.68
1928,03,-1.08
1928,04,-0.92
1928,05,-0.78
1928,06,-0.9
1928,07,-1.21
1928,08,-1.2
1928,09,-1.28
1928,10,-0.98
1928,11,-0.77
1928,12,-0.79
1929,01,-0.86
1929,02,-0.76
1929,03,-0.61
1929,04,-0.62
1929,05,-1.3
1929,06,-1.16
1929,07,-1.05
1929,08,-1.35
1929,09,-1.37
1929,10,-1.18
1929,11,-0.74
1929,12,-1.15
1930,01,-0.99
1930,02,-0.74
1930,03,-1.08
1930,04,-1.04
1930,05,-0.97
1930,06,-0.99
1930,07,-0.88
1930,08,-1.11
1930,09,-0.93
1930,10,-0.73
1930,11,-0.49
1930,12,-0.6
1931,01,-0.73
1931,02,-0.5
1931,03,-0.41
1931,04,-0.56
1931,05,-0.56
1931,06,-0.72
1931,07,-1.11
1931,08,-0.91
1931,09,-0.82
1931,10,-0.84
1931,11,-0.99
1931,12,-0.83
1932,01,-1.02
1932,02,-0.88
1932,03,-0.99
1932,04,-0.91
1932,05,-1.62
1932,06,-1.96
1932,07,-1.83
1932,08,-1.77
1932,09,-1.8
1932,10,-1.51
1932,11,-0.93
1932,12,-0.84
1933,01,-0.69
1933,02,-0.72
1933,03,-0.84
1933,04,-0.8
1933,05,-1.09
1933,06,-0.75
1933,07,-0.46
1933,08,-0.8
1933,09,-0.83
1933,10,-0.15
1933,11,-0.38
1933,12,-0.39
1934,01,-0.98
1934,02,-1
1934,03,-0.96
1934,04,-0.86
1934,05,-0.62
1934,06,-0.12
1934,07,0.01
1934,08,0.21
1934,09,-0.02
1934,10,-0.58
1934,11,-0.79
1934,12,-0.36
1935,01,-0.5
1935,02,-0.84
1935,03,-0.91
1935,04,-0.84
1935,05,-0.93
1935,06,-0.63
1935,07,-0.93
1935,08,-0.86
1935,09,-0.93
1935,10,-0.67
1935,11,-0.31
1935,12,-0.41
1936,01,-0.48
1936,02,-0.56
1936,03,-0.97
1936,04,-0.74
1936,05,-1.37
1936,06,-1.81
1936,07,-1.67
1936,08,-1.6
1936,09,-1.21
1936,10,-1.04
1936,11,-0.71
1936,12,-0.86
1937,01,-0.58
1937,02,-0.41
1937,03,-0.56
1937,04,-0.18
1937,05,-0.35
1937,06,0.3
1937,07,-0.41
1937,08,-0.73
1937,09,-0.43
1937,10,-0.17
1937,11,-0.18
1937,12,-0.11
1938,01,-0.34
1938,02,-0.27
1938,03,-0.33
1938,04,-0.29
1938,05,-0.71
1938,06,-0.92
1938,07,-1.2
1938,08,-1.02
1938,09,-0.77
1938,10,-0.43
1938,11,-0.98
1938,12,-0.84
1939,01,-0.93
1939,02,-1.1
1939,03,-1.19
1939,04,-0.59
1939,05,-0.27
1939,06,0.04
1939,07,-0.39
1939,08,-0.93
1939,09,-2.28
1939,10,-2.47
1939,11,-1.89
1939,12,-1.09
1940,01,-0.7
1940,02,-0.89
1940,03,-1.8
1940,04,-2.03
1940,05,-1.5
1940,06,-0.99
1940,07,-1.08
1940,08,-0.95
1940,09,-1.12
1940,10,-0.66
1940,11,-1.03
1940,12,-1.27
1941,01,-0.7
1941,02,-0.35
1941,03,-0.14
1941,04,0.35
1941,05,0
1941,06,-0.07
1941,07,-0.26
1941,08,-0.59
1941,09,-0.61
1941,10,-0.33
1941,11,-0.12
1941,12,-0.25
1942,01,-1.63
1942,02,-0.06
1942,03,0.57
1942,04,-0.07
1942,05,-1.29
1942,06,-0.59
1942,07,-0.69
1942,08,-1.34
1942,09,-0.83
1942,10,-0.33
1942,11,-0.57
1942,12,-0.75
1943,01,-1.96
1943,02,-1.11
1943,03,-0.86
1943,04,-0.64
1943,05,-0.64
1943,06,-0.42
1943,07,-0.5
1943,08,-0.79
1943,09,-1.43
1943,10,-1.79
1943,11,-0.78
1943,12,-1.23
1944,01,-1.24
1944,02,1.04
1944,03,0.9
1944,04,0.43
1944,05,-0.67
1944,06,-0.38
1944,07,-0.22
1944,08,-0.58
1944,09,-0.11
1944,10,0.1
1944,11,0.91
1944,12,0.91
1945,01,0.88
1945,02,0.47
1945,03,0.04
1945,04,-0.25
1945,05,0.03
1945,06,-0.25
1945,07,-0.73
1945,08,-0.85
1945,09,-0.35
1945,10,-1.18
1945,11,-0.23
1945,12,-0.39
1946,01,-1.05
1946,02,-1.13
1946,03,-0.74
1946,04,-1.79
1946,05,-0.97
1946,06,-1.36
1946,07,-1.39
1946,08,-1.42
1946,09,-1.34
1946,10,-1.46
1946,11,-1.47
1946,12,-1.25
1947,01,-0.94
1947,02,-0.63
1947,03,-1.08
1947,04,-1.03
1947,05,-0.72
1947,06,-0.53
1947,07,0.03
1947,08,-0.33
1947,09,-0.94
1947,10,-0.94
1947,11,-0.78
1947,12,-0.81
1948,01,-1.32
1948,02,-1.4
1948,03,-1.31
1948,04,-0.91
1948,05,-0.99
1948,06,-1.14
1948,07,-1.45
1948,08,-1.52
1948,09,-1.74
1948,10,-1.26
1948,11,-1.12
1948,12,-1.36
1949,01,-1.26
1949,02,-1.12
1949,03,-1.06
1949,04,-0.73
1949,05,-1.1
1949,06,-1.08
1949,07,-0.82
1949,08,-0.72
1949,09,-0.99
1949,10,-0.7
1949,11,-0.61
1949,12,-0.72
1950,01,-0.78
1950,02,-0.98
1950,03,-0.56
1950,04,-0.57
1950,05,-0.62
1950,06,-0.57
1950,07,-1.01
1950,08,-1.84
1950,09,-1.74
1950,10,-1.72
1950,11,-1.21
1950,12,-1.42
1951,01,-1.13
1951,02,-0.95
1951,03,-1.16
1951,04,-1.41
1951,05,-1.44
1951,06,-0.82
1951,07,-0.19
1951,08,-0.47
1951,09,-0.44
1951,10,-0.68
1951,11,-0.98
1951,12,-0.55
1952,01,-0.4
1952,02,-0.5
1952,03,-0.48
1952,04,-0.48
1952,05,-0.84
1952,06,-0.81
1952,07,-1.11
1952,08,-1.16
1952,09,-0.59
1952,10,-0.98
1952,11,-1.02
1952,12,-0.88
1953,01,-0.96
1953,02,-0.78
1953,03,-0.95
1953,04,-0.81
1953,05,-1.02
1953,06,-0.83
1953,07,-0.94
1953,08,-1.27
1953,09,-0.78
1953,10,-0.68
1953,11,-0.71
1953,12,-0.78
1954,01,-1.14
1954,02,-0.95
1954,03,-1.09
1954,04,-1.41
1954,05,-1.46
1954,06,-1.52
1954,07,-1.79
1954,08,-1.68
1954,09,-1.13
1954,10,-0.73
1954,11,-0.86
1954,12,-0.55
1955,01,-1.06
1955,02,-1.14
1955,03,-1.19
1955,04,-0.43
1955,05,-0.81
1955,06,-0.55
1955,07,-0.61
1955,08,-0.92
1955,09,-0.89
1955,10,-1.14
1955,11,-0.59
1955,12,-0.93
1956,01,-1.02
1956,02,-1.38
1956,03,-1.08
1956,04,-0.44
1956,05,-0.92
1956,06,-1.07
1956,07,-1.48
1956,08,-1.3
1956,09,-0.92
1956,10,-0.99
1956,11,-0.89
1956,12,-1.42
1957,01,-1.32
1957,02,-1.32
1957,03,-1.2
1957,04,-0.97
1957,05,-0.67
1957,06,-0.28
1957,07,-0.17
1957,08,-0.69
1957,09,-0.85
1957,10,-1.11
1957,11,-0.58
1957,12,-0.63
1958,01,-0.23
1958,02,-0.27
1958,03,-0.08
1958,04,-0.4
1958,05,-1.61
1958,06,-1.58
1958,07,-2.07
1958,08,-1.48
1958,09,-1.03
1958,10,-1.21
1958,11,-1.34
1958,12,-0.95
1959,01,-0.76
1959,02,-0.62
1959,03,-0.55
1959,04,-0.06
1959,05,-0.76
1959,06,-0.71
1959,07,-0.19
1959,08,-0.65
1959,09,-0.43
1959,10,-0.36
1959,11,-0.54
1959,12,-0.59
1960,01,-0.6
1960,02,-0.7
1960,03,-0.99
1960,04,-0.77
1960,05,-0.9
1960,06,-0.51
1960,07,-0.52
1960,08,-0.35
1960,09,-0.48
1960,10,-0.42
1960,11,-0.49
1960,12,-0.4
1961,01,-0.45
1961,02,-0.15
1961,03,-0.31
1961,04,-0.14
1961,05,0.25
1961,06,-0.54
1961,07,-1.33
1961,08,-0.69
1961,09,-0.91
1961,10,-0.44
1961,11,0.01
1961,12,-0.22
1962,01,-0.33
1962,02,-0.25
1962,03,-0.4
1962,04,-0.21
1962,05,-0.22
1962,06,-0.5
1962,07,-0.56
1962,08,-0.63
1962,09,-1
1962,10,-0.56
1962,11,-0.69
1962,12,-0.28
1963,01,-0.2
1963,02,-0.25
1963,03,-0.19
1963,04,-0.1
1963,05,0.03
1963,06,0.6
1963,07,0.37
1963,08,0.53
1963,09,0.33
1963,10,-0.07
1963,11,0.08
1963,12,-0.35
1964,01,-0.1
1964,02,-0.32
1964,03,-0.35
1964,04,-0.11
1964,05,-0.24
1964,06,-0.45
1964,07,-0.45
1964,08,-0.67
1964,09,-1.18
1964,10,-1.66
1964,11,-1.34
1964,12,-1.25
1965,01,-1.22
1965,02,-1.01
1965,03,-0.47
1965,04,-0.17
1965,05,-0.28
1965,06,-0.25
1965,07,-0.78
1965,08,-0.6
1965,09,-0.48
1965,10,-0.6
1965,11,-0.52
1965,12,-0.67
1966,01,-0.67
1966,02,-0.49
1966,03,-0.28
1966,04,-0.18
1966,05,-0.13
1966,06,0.18
1966,07,0.4
1966,08,-0.28
1966,09,-0.87
1966,10,-0.56
1966,11,-0.37
1966,12,0
1967,01,-0.19
1967,02,-0.34
1967,03,-0.37
1967,04,-0.28
1967,05,-0.1
1967,06,-0.62
1967,07,-0.87
1967,08,-1.08
1967,09,-1.17
1967,10,-1.27
1967,11,-0.96
1967,12,-0.97
1968,01,-1.05
1968,02,-0.67
1968,03,-1.14
1968,04,-0.34
1968,05,-0.38
1968,06,-0.39
1968,07,-0.21
1968,08,0.22
1968,09,-0.11
1968,10,0.03
1968,11,-0.18
1968,12,-0.65
1969,01,-0.13
1969,02,0.05
1969,03,-0.03
1969,04,0.06
1969,05,-0.32
1969,06,-0.46
1969,07,-0.83
1969,08,-0.89
1969,09,-0.96
1969,10,-1
1969,11,-1.07
1969,12,-0.8
1970,01,-0.61
1970,02,-0.37
1970,03,-0.45
1970,04,-0.24
1970,05,-0.37
1970,06,-0.53
1970,07,-0.82
1970,08,-0.86
1970,09,-0.82
1970,10,-0.57
1970,11,-0.35
1970,12,-0.45
1971,01,-0.75
1971,02,-1.03
1971,03,-0.8
1971,04,-0.38
1971,05,-0.25
1971,06,-0.4
1971,07,-0.39
1971,08,-0.66
1971,09,-0.9
1971,10,-0.69
1971,11,-0.86
1971,12,-1.33
1972,01,-0.86
1972,02,-0.73
1972,03,-0.8
1972,04,-0.67
1972,05,-0.87
1972,06,-0.56
1972,07,-0.59
1972,08,-0.96
1972,09,-0.42
1972,10,-0.3
1972,11,-0.33
1972,12,-0.17
1973,01,-0.06
1973,02,0.14
1973,03,-0.01
1973,04,0.06
1973,05,0.09
1973,06,-0.01
1973,07,0.39
1973,08,0.11
1973,09,0.21
1973,10,0.29
1973,11,0.19
1973,12,-0.18
1974,01,-0.57
1974,02,-0.54
1974,03,-0.78
1974,04,-0.48
1974,05,-0.27
1974,06,0.03
1974,07,-0.24
1974,08,-0.48
1974,09,-0.73
1974,10,-1.08
1974,11,-0.68
1974,12,-0.64
1975,01,-0.49
1975,02,-0.3
1975,03,-0.66
1975,04,-0.39
1975,05,-0.36
1975,06,-0.11
1975,07,-0.35
1975,08,-0.94
1975,09,-0.99
1975,10,-0.64
1975,11,-0.48
1975,12,-0.83
1976,01,-0.91
1976,02,-0.8
1976,03,-0.69
1976,04,-0.66
1976,05,-1
1976,06,-1.09
1976,07,-1.53
1976,08,-1.46
1976,09,-1.2
1976,10,-1.5
1976,11,-1.11
1976,12,-0.85
1977,01,-0.81
1977,02,-0.61
1977,03,-0.78
1977,04,-0.34
1977,05,-0.32
1977,06,-0.81
1977,07,-0.79
1977,08,-0.47
1977,09,-0.39
1977,10,-0.42
1977,11,-0.37
1977,12,-0.68
1978,01,-0.78
1978,02,-0.77
1978,03,-1.01
1978,04,-0.99
1978,05,-1.22
1978,06,-0.95
1978,07,-1.16
1978,08,-0.8
1978,09,-0.73
1978,10,-0.87
1978,11,-0.89
1978,12,-0.77
1979,01,-0.48
1979,02,-0.48
1979,03,-0.52
1979,04,0.01
1979,05,-0.42
1979,06,-0.49
1979,07,-0.26
1979,08,-0.28
1979,09,-0.47
1979,10,-0.38
1979,11,-0.39
1979,12,-0.35
1980,01,-0.34
1980,02,-0.39
1980,03,-0.77
1980,04,-0.27
1980,05,-0.5
1980,06,-0.91
1980,07,-0.95
1980,08,-0.52
1980,09,-0.23
1980,10,-0.43
1980,11,-0.53
1980,12,-0.72
1981,01,-0.89
1981,02,-0.6
1981,03,-0.64
1981,04,-0.25
1981,05,-0.91
1981,06,-0.53
1981,07,-0.9
1981,08,-0.73
1981,09,-0.44
1981,10,-0.37
1981,11,0.04
1981,12,-0.22
1982,01,-0.24
1982,02,-0.29
1982,03,-0.27
1982,04,-0.32
1982,05,-0.72
1982,06,-1.08
1982,07,-1.12
1982,08,-1.15
1982,09,-1.02
1982,10,-1.1
1982,11,-1.17
1982,12,-0.53
1983,01,-1.01
1983,02,-0.41
1983,03,0
1983,04,-0.47
1983,05,-0.64
1983,06,-0.89
1983,07,-0.94
1983,08,-1.07
1983,09,-1.06
1983,10,-0.6
1983,11,-0.42
1983,12,-0.67
1984,01,-0.64
1984,02,-0.51
1984,03,-0.2
1984,04,-0.24
1984,05,-0.13
1984,06,0.35
1984,07,0.19
1984,08,0.21
1984,09,0.28
1984,10,-0.06
1984,11,-0.42
1984,12,-0.05
1985,01,-0.38
1985,02,-0.57
1985,03,-0.53
1985,04,-0.51
1985,05,-0.33
1985,06,-0.45
1985,07,-0.46
1985,08,-0.11
1985,09,-0.45
1985,10,-0.36
1985,11,-0.18
1985,12,-0.46
1986,01,-0.6
1986,02,-0.41
1986,03,-0.5
1986,04,-0.2
1986,05,-0.13
1986,06,-0.17
1986,07,-0.82
1986,08,-0.93
1986,09,-0.49
1986,10,-0.92
1986,11,-0.79
1986,12,-1.09
1987,01,-0.62
1987,02,-0.51
1987,03,-0.31
1987,04,0.25
1987,05,0.35
1987,06,0.3
1987,07,0.75
1987,08,0.91
1987,09,0.44
1987,10,0.19
1987,11,0.29
1987,12,0.19
1988,01,-0.12
1988,02,-0.12
1988,03,0.11
1988,04,0.27
1988,05,0.13
1988,06,0.54
1988,07,0.4
1988,08,-0.31
1988,09,-0.07
1988,10,-0.1
1988,11,-0.06
1988,12,-0.4
1989,01,-0.48
1989,02,-0.42
1989,03,-0.82
1989,04,-0.18
1989,05,-0.07
1989,06,0.11
1989,07,0.19
1989,08,0.07
1989,09,-0.26
1989,10,-0.29
1989,11,-0.39
1989,12,-0.42
1990,01,-0.94
1990,02,-0.63
1990,03,-0.34
1990,04,0.01
1990,05,-0.58
1990,06,-0.36
1990,07,-0.44
1990,08,-0.71
1990,09,-0.3
1990,10,-0.22
1990,11,-0.17
1990,12,-0.48
1991,01,-0.15
1991,02,-0.13
1991,03,-0.27
1991,04,-0.45
1991,05,-0.15
1991,06,0.24
1991,07,0.34
1991,08,-0.17
1991,09,-0.15
1991,10,-0.68
1991,11,-0.85
1991,12,-0.75
1992,01,-1.11
1992,02,-0.4
1992,03,-0.79
1992,04,-0.31
1992,05,-0.81
1992,06,-0.5
1992,07,-1.01
1992,08,-1.04
1992,09,-0.48
1992,10,-0.38
1992,11,-0.53
1992,12,-0.11
1993,01,-0.75
1993,02,-0.62
1993,03,-0.74
1993,04,-0.49
1993,05,-0.26
1993,06,-0.54
1993,07,-0.32
1993,08,-0.48
1993,09,-0.03
1993,10,0.12
1993,11,-0.23
1993,12,-0.17
1994,01,-0.48
1994,02,-0.23
1994,03,-0.23
1994,04,-0.28
1994,05,-0.31
1994,06,-0.4
1994,07,-0.6
1994,08,-0.34
1994,09,-0.3
1994,10,-0.14
1994,11,0.02
1994,12,0.09
1995,01,0.14
1995,02,0.22
1995,03,0.19
1995,04,-0.06
1995,05,0.08
1995,06,0.24
1995,07,-0.09
1995,08,-0.3
1995,09,-0.16
1995,10,-0.25
1995,11,0.09
1995,12,-0.13
1996,01,-0.68
1996,02,-0.59
1996,03,-0.34
1996,04,-0.08
1996,05,0.26
1996,06,0.02
1996,07,-0.21
1996,08,-0.42
1996,09,-0.49
1996,10,-0.97
1996,11,-0.97
1996,12,-0.9
1997,01,-1.15
1997,02,-0.55
1997,03,-0.58
1997,04,-0.6
1997,05,-0.09
1997,06,-0.6
1997,07,-0.22
1997,08,-0.72
1997,09,0.2
1997,10,0.21
1997,11,0.04
1997,12,0.29
1998,01,0.16
1998,02,0.54
1998,03,0.58
1998,04,0.54
1998,05,0.45
1998,06,0.56
1998,07,0.1
1998,08,0.08
1998,09,0.12
1998,10,0.22
1998,11,0.52
1998,12,0.28
1999,01,0.02
1999,02,-0.23
1999,03,-0.16
1999,04,0.09
1999,05,0.2
1999,06,0.53
1999,07,0.32
1999,08,0.24
1999,09,-0.18
1999,10,-0.46
1999,11,-0.27
1999,12,0.01
2000,01,-0.05
2000,02,0.04
2000,03,0.29
2000,04,-0.37
2000,05,-0.16
2000,06,-0.41
2000,07,-0.16
2000,08,-0.26
2000,09,-0.34
2000,10,-0.48
2000,11,-0.3
2000,12,-0.48
2001,01,-0.41
2001,02,-0.37
2001,03,-0.01
2001,04,-0.17
2001,05,0.17
2001,06,-0.39
2001,07,-0.41
2001,08,-0.5
2001,09,-0.41
2001,10,-0.39
2001,11,-0.72
2001,12,-0.64
2002,01,-0.21
2002,02,-0.16
2002,03,-0.18
2002,04,-0.15
2002,05,-0.04
2002,06,0.35
2002,07,0.31
2002,08,0.17
2002,09,-0.62
2002,10,-0.38
2002,11,-0.13
2002,12,-0.1
2003,01,0.11
2003,02,0.1
2003,03,0.49
2003,04,0.04
2003,05,0.18
2003,06,-0.05
2003,07,0.02
2003,08,0.47
2003,09,0.19
2003,10,0.42
2003,11,0.04
2003,12,0.13
2004,01,0.08
2004,02,-0.03
2004,03,-0.12
2004,04,-0.42
2004,05,-0.61
2004,06,-0.3
2004,07,-0.35
2004,08,0.11
2004,09,0.43
2004,10,0.56
2004,11,0.48
2004,12,0.07
2005,01,0.37
2005,02,0.08
2005,03,0.25
2005,04,0.3
2005,05,-0.41
2005,06,-0.7
2005,07,-0.53
2005,08,-0.36
2005,09,-0.08
2005,10,-0.09
2005,11,0.12
2005,12,-0.02
2006,01,-0.18
2006,02,-0.06
2006,03,-0.14
2006,04,-0.07
2006,05,-0.28
2006,06,0.47
2006,07,0.21
2006,08,0.01
2006,09,0.03
2006,10,0.02
2006,11,0.27
2006,12,0.24
2007,01,0.05
2007,02,0.22
2007,03,-0.03
2007,04,-0.04
2007,05,0.11
2007,06,0.31
2007,07,0.41
2007,08,0.45
2007,09,0.41
2007,10,0.06
2007,11,0.04
2007,12,-0.08
2008,01,0.25
2008,02,-0.04
2008,03,0.09
2008,04,-0.22
2008,05,0.07
2008,06,-0.11
2008,07,0.15
2008,08,0.37
2008,09,0.29
2008,10,0.48
2008,11,0.21
2008,12,0.02
2009,01,0.13
2009,02,-0.38
2009,03,-0.06
2009,04,-0.09
2009,05,0.14
2009,06,0.26
2009,07,0.15
2009,08,-0.01
2009,09,0.12
2009,10,-0.08
2009,11,-0.05
2009,12,0.43
2010,01,0.41
2010,02,0.61
2010,03,0.49
2010,04,0.42
2010,05,-0.18
2010,06,-0.1
2010,07,0.04
2010,08,0.18
2010,09,-0.02
2010,10,0.18
2010,11,0.05
2010,12,0.16
2011,01,-0.08
2011,02,-0.01
2011,03,-0.24
2011,04,-0.07
2011,05,-0.65
2011,06,-0.29
2011,07,-0.4
2011,08,-0.06
2011,09,-0.57
2011,10,-0.4
2011,11,-0.57
2011,12,-0.68
2012,01,-0.14
2012,02,-0.93
2012,03,-0.32
2012,04,-0.48
2012,05,-0.23
2012,06,-0.02
2012,07,0.04
2012,08,-0.12
2012,09,0.31
2012,10,0.38
2012,11,0.11
2012,12,0.02
2013,01,0.43
2013,02,0.52
2013,03,0.22
2013,04,0.51
2013,05,-0.09
2013,06,0.13
2013,07,-0.13
2013,08,-0.18
2013,09,-0.16
2013,10,-0.4
2013,11,-0.26
2013,12,-0.19
2014,01,-0.11
2014,02,0.19
2014,03,-0.15
2014,04,0.18
2014,05,0.32
2014,06,0.23
2014,07,0.17
2014,08,0.12
2014,09,0.07
2014,10,0.02
2014,11,-0.25
2014,12,-0.11
2015,01,-0.22
2015,02,0
2015,03,0.01
2015,04,0.31
2015,05,0.46
2015,06,-0.09
2015,07,0.23
2015,08,0.11
2015,09,0.03
2015,10,0.35
2015,11,0.48
2015,12,0.5
2016,01,0.63
2016,02,0.08
2016,03,0.72
2016,04,0.24
2016,05,0.49
2016,06,0.36
2016,07,0.37
2016,08,0.53
2016,09,0.6
2016,10,0.84
2016,11,0.79
2016,12,0.28
2017,01,0.4
2017,02,0.43
2017,03,0.21
2017,04,0.24
2017,05,0.47
2017,06,0.29
2017,07,0.42
2017,08,0.48
2017,09,0.52
2017,10,0.65
2017,11,0.6
2017,12,0.07
2018,01,0.54
2018,02,0.09
2018,03,0.06
2018,04,0.12
2018,05,-0.03
2018,06,0.02
2018,07,0.54
2018,08,0.58
2018,09,0.25
2018,10,-0.03
2018,11,0.27
2018,12,0.62
2019,01,0.9
2019,02,0.63
2019,03,0.25
2019,04,0.75
2019,05,0.53
2019,06,0.34
2019,07,0.45
2019,08,0.88
2019,09,0.6
2019,10,0.43
2019,11,0.83
2019,12,0.99
2020,01,1.13
2020,02,0.97
2020,03,0.52
2020,04,0.6
2020,05,0.35
2020,06,0.13
2020,07,0.18
2020,08,0.19
2020,09,-0.18
2020,10,0.16
2020,11,0.18
2020,12,0.18
2021,01,0.19
2021,02,0.28
2021,03,-0.21
2021,04,0.16
2021,05,0.16
2021,06,0.83
2021,07,0.88
2021,08,0.78
2021,09,0.74
2021,10,0.7
2021,11,0.55
2021,12,0.36
2022,01,0.13
2022,02,0.05
2022,03,0.14